{
  "top_popular": {
    "precision": 0.004024121757442327,
    "recall": 0.0013948350972202662,
    "coverage": 8.302532272343065e-05,
    "novelty": 3.7968203932994893
  },
  "personal_als": {
    "precision": 0.011554717281868056,
    "recall": 0.007929046421769698,
    "coverage": 0.0016194939456534243,
    "novelty": 4.722115072888873
  },
  "ranked": {
    "precision": 0.011554717281868056,
    "recall": 0.007929046421769698,
    "coverage": 0.0016194939456534243,
    "novelty": 4.72211507288887
  }
}